{
  "No Misoginia": {
    "precision": 0.9037247474747475,
    "recall": 0.850564468211527,
    "f1-score": 0.8763391490664217,
    "support": 3366.0
  },
  "Misoginia": {
    "precision": 0.6073380171740828,
    "recall": 0.7183748845798708,
    "f1-score": 0.6582064297800339,
    "support": 1083.0
  },
  "accuracy": 0.8183861541919533,
  "macro avg": {
    "precision": 0.7555313823244152,
    "recall": 0.7844696763956989,
    "f1-score": 0.7672727894232279,
    "support": 4449.0
  },
  "weighted avg": {
    "precision": 0.8315766627555702,
    "recall": 0.8183861541919533,
    "f1-score": 0.8232400852347386,
    "support": 4449.0
  }
}