{
  "0": {
    "precision": 0.901923683380637,
    "recall": 0.8496732026143791,
    "f1-score": 0.8750191219213707,
    "support": 3366.0
  },
  "1": {
    "precision": 0.6040688575899843,
    "recall": 0.7128347183748845,
    "f1-score": 0.6539601863617112,
    "support": 1083.0
  },
  "accuracy": 0.8163632276916161,
  "macro avg": {
    "precision": 0.7529962704853106,
    "recall": 0.7812539604946318,
    "f1-score": 0.7644896541415409,
    "support": 4449.0
  },
  "weighted avg": {
    "precision": 0.8294182267990957,
    "recall": 0.8163632276916161,
    "f1-score": 0.8212077424628157,
    "support": 4449.0
  }
}