{
  "No Misoginia": {
    "precision": 0.9042991755005889,
    "recall": 0.9123588829471182,
    "f1-score": 0.9083111505471754,
    "support": 3366.0
  },
  "Misoginia": {
    "precision": 0.7198480531813866,
    "recall": 0.6999076638965835,
    "f1-score": 0.7097378277153558,
    "support": 1083.0
  },
  "accuracy": 0.8606428410878849,
  "macro avg": {
    "precision": 0.8120736143409877,
    "recall": 0.8061332734218509,
    "f1-score": 0.8090244891312656,
    "support": 4449.0
  },
  "weighted avg": {
    "precision": 0.8593990708766968,
    "recall": 0.8606428410878849,
    "f1-score": 0.859973342359524,
    "support": 4449.0
  }
}