Modelo,F1-macro,Accuracy
BETO,0.8090244891312656,0.8606428410878849
RoBERTa,0.7959575523695464,0.8494043605304563
Baseline (TF-IDF+LR),0.7667232099718624,0.8177118453585075
