{
  "No Misoginia": {
    "precision": 0.9011904761904762,
    "recall": 0.8995840760546643,
    "f1-score": 0.9003865596193874,
    "support": 3366.0
  },
  "Misoginia": {
    "precision": 0.689623507805326,
    "recall": 0.6934441366574331,
    "f1-score": 0.6915285451197053,
    "support": 1083.0
  },
  "accuracy": 0.8494043605304563,
  "macro avg": {
    "precision": 0.7954069919979011,
    "recall": 0.7965141063560487,
    "f1-score": 0.7959575523695464,
    "support": 4449.0
  },
  "weighted avg": {
    "precision": 0.8496896834817512,
    "recall": 0.8494043605304563,
    "f1-score": 0.8495451953345693,
    "support": 4449.0
  }
}